-- root-types-contained: Package_c,PackageableElement_c,DataType_c,CoreDataType_c,UserDataType_c
-- BP 7.1 content: StreamData syschar: 3 persistence-version: 7.1.6

INSERT INTO EP_PKG
	VALUES ("a23d0930-054c-4bec-9e47-917c854d81fd",
	"c6693612-7c4f-42e5-b64f-16c64f288945",
	"c6693612-7c4f-42e5-b64f-16c64f288945",
	'consistencyTest',
	'',
	0);
INSERT INTO PE_PE
	VALUES ("5bd7f8d6-c2e7-47e8-9470-b7d826b87395",
	1,
	"a23d0930-054c-4bec-9e47-917c854d81fd",
	"00000000-0000-0000-0000-000000000000",
	7);
INSERT INTO EP_PKG
	VALUES ("5bd7f8d6-c2e7-47e8-9470-b7d826b87395",
	"00000000-0000-0000-0000-000000000000",
	"c6693612-7c4f-42e5-b64f-16c64f288945",
	'External Entities',
	'',
	0);
INSERT INTO PE_PE
	VALUES ("b131fcd5-e3da-4a66-ad11-d5a36b916289",
	1,
	"5bd7f8d6-c2e7-47e8-9470-b7d826b87395",
	"00000000-0000-0000-0000-000000000000",
	5);
INSERT INTO S_EE
	VALUES ("b131fcd5-e3da-4a66-ad11-d5a36b916289",
	'Time',
	'The Time external entity provides date, timestamp, and timer related operations.',
	'TIM',
	"00000000-0000-0000-0000-000000000000",
	'',
	'Time',
	1);
INSERT INTO S_BRG
	VALUES ("eec213ec-9386-4431-a15e-c46c236f64a6",
	"b131fcd5-e3da-4a66-ad11-d5a36b916289",
	'current_date',
	'',
	1,
	"ba5eda7a-def5-0000-0000-00000000000e",
	'',
	1,
	'');
INSERT INTO ACT_BRB
	VALUES ("1deaf550-8fb5-4a99-a4e8-f5054fa382e7",
	"eec213ec-9386-4431-a15e-c46c236f64a6");
INSERT INTO ACT_ACT
	VALUES ("1deaf550-8fb5-4a99-a4e8-f5054fa382e7",
	'bridge',
	0,
	"bc32f98f-48cc-4dc0-bfc2-c41b4c2214e8",
	"00000000-0000-0000-0000-000000000000",
	0,
	'Time::current_date',
	"00000000-0000-0000-0000-000000000000");
INSERT INTO ACT_BLK
	VALUES ("bc32f98f-48cc-4dc0-bfc2-c41b4c2214e8",
	0,
	0,
	0,
	'',
	'',
	'',
	0,
	0,
	0,
	0,
	0,
	0,
	0,
	0,
	0,
	0,
	0,
	0,
	0,
	"1deaf550-8fb5-4a99-a4e8-f5054fa382e7",
	"00000000-0000-0000-0000-000000000000");
INSERT INTO S_BRG
	VALUES ("aaf31730-10d4-442d-ad01-a04ca76558ca",
	"b131fcd5-e3da-4a66-ad11-d5a36b916289",
	'create_date',
	'',
	1,
	"ba5eda7a-def5-0000-0000-00000000000e",
	'',
	1,
	'');
INSERT INTO S_BPARM
	VALUES ("06c985bf-6594-4ede-a947-3a1f39ed9625",
	"aaf31730-10d4-442d-ad01-a04ca76558ca",
	'second',
	"ba5eda7a-def5-0000-0000-000000000002",
	0,
	'',
	"1321fea1-3a7a-421d-a54a-96bda923a5e3",
	'');
INSERT INTO S_BPARM
	VALUES ("03bc459c-2b98-47d4-b8f4-91e29551aa40",
	"aaf31730-10d4-442d-ad01-a04ca76558ca",
	'minute',
	"ba5eda7a-def5-0000-0000-000000000002",
	0,
	'',
	"2c84e90b-ac47-4bf5-97d2-834906fc9781",
	'');
INSERT INTO S_BPARM
	VALUES ("2c84e90b-ac47-4bf5-97d2-834906fc9781",
	"aaf31730-10d4-442d-ad01-a04ca76558ca",
	'hour',
	"ba5eda7a-def5-0000-0000-000000000002",
	0,
	'',
	"ee4d634f-4caa-46ed-bf83-a287d0947117",
	'');
INSERT INTO S_BPARM
	VALUES ("ee4d634f-4caa-46ed-bf83-a287d0947117",
	"aaf31730-10d4-442d-ad01-a04ca76558ca",
	'day',
	"ba5eda7a-def5-0000-0000-000000000002",
	0,
	'',
	"00000000-0000-0000-0000-000000000000",
	'');
INSERT INTO S_BPARM
	VALUES ("1321fea1-3a7a-421d-a54a-96bda923a5e3",
	"aaf31730-10d4-442d-ad01-a04ca76558ca",
	'month',
	"ba5eda7a-def5-0000-0000-000000000002",
	0,
	'',
	"03bc459c-2b98-47d4-b8f4-91e29551aa40",
	'');
INSERT INTO S_BPARM
	VALUES ("915e9eef-d951-4a04-9afb-3fb2f8cbda7f",
	"aaf31730-10d4-442d-ad01-a04ca76558ca",
	'year',
	"ba5eda7a-def5-0000-0000-000000000002",
	0,
	'',
	"06c985bf-6594-4ede-a947-3a1f39ed9625",
	'');
INSERT INTO ACT_BRB
	VALUES ("feaf9859-54b9-40bf-96bd-17acadf97818",
	"aaf31730-10d4-442d-ad01-a04ca76558ca");
INSERT INTO ACT_ACT
	VALUES ("feaf9859-54b9-40bf-96bd-17acadf97818",
	'bridge',
	0,
	"ad480122-f74d-4cef-b04f-275dda06c461",
	"00000000-0000-0000-0000-000000000000",
	0,
	'Time::create_date',
	"00000000-0000-0000-0000-000000000000");
INSERT INTO ACT_BLK
	VALUES ("ad480122-f74d-4cef-b04f-275dda06c461",
	0,
	0,
	0,
	'',
	'',
	'',
	0,
	0,
	0,
	0,
	0,
	0,
	0,
	0,
	0,
	0,
	0,
	0,
	0,
	"feaf9859-54b9-40bf-96bd-17acadf97818",
	"00000000-0000-0000-0000-000000000000");
INSERT INTO S_BRG
	VALUES ("8c96c156-c4d1-4d64-aa23-324434cc708b",
	"b131fcd5-e3da-4a66-ad11-d5a36b916289",
	'get_second',
	'',
	1,
	"ba5eda7a-def5-0000-0000-000000000002",
	'',
	1,
	'');
INSERT INTO S_BPARM
	VALUES ("eb1f967f-3a19-495f-9813-14d16d09d91a",
	"8c96c156-c4d1-4d64-aa23-324434cc708b",
	'date',
	"ba5eda7a-def5-0000-0000-00000000000e",
	0,
	'',
	"00000000-0000-0000-0000-000000000000",
	'');
INSERT INTO ACT_BRB
	VALUES ("b5eec2c5-e9b3-4111-b390-8cb9174c7e11",
	"8c96c156-c4d1-4d64-aa23-324434cc708b");
INSERT INTO ACT_ACT
	VALUES ("b5eec2c5-e9b3-4111-b390-8cb9174c7e11",
	'bridge',
	0,
	"cc54eefa-af3a-46c0-9d66-eddb894610c8",
	"00000000-0000-0000-0000-000000000000",
	0,
	'Time::get_second',
	"00000000-0000-0000-0000-000000000000");
INSERT INTO ACT_BLK
	VALUES ("cc54eefa-af3a-46c0-9d66-eddb894610c8",
	0,
	0,
	0,
	'',
	'',
	'',
	0,
	0,
	0,
	0,
	0,
	0,
	0,
	0,
	0,
	0,
	0,
	0,
	0,
	"b5eec2c5-e9b3-4111-b390-8cb9174c7e11",
	"00000000-0000-0000-0000-000000000000");
INSERT INTO S_BRG
	VALUES ("cb6bd8fa-22e5-4d91-9073-579d149e22fe",
	"b131fcd5-e3da-4a66-ad11-d5a36b916289",
	'get_minute',
	'',
	1,
	"ba5eda7a-def5-0000-0000-000000000002",
	'',
	1,
	'');
INSERT INTO S_BPARM
	VALUES ("29bcc59f-4004-4267-b99c-1558e7105a75",
	"cb6bd8fa-22e5-4d91-9073-579d149e22fe",
	'date',
	"ba5eda7a-def5-0000-0000-00000000000e",
	0,
	'',
	"00000000-0000-0000-0000-000000000000",
	'');
INSERT INTO ACT_BRB
	VALUES ("ddbf1f4f-55e7-4643-9f60-185136ea7c27",
	"cb6bd8fa-22e5-4d91-9073-579d149e22fe");
INSERT INTO ACT_ACT
	VALUES ("ddbf1f4f-55e7-4643-9f60-185136ea7c27",
	'bridge',
	0,
	"2c3653a6-c8ca-4df2-97fd-15305644021c",
	"00000000-0000-0000-0000-000000000000",
	0,
	'Time::get_minute',
	"00000000-0000-0000-0000-000000000000");
INSERT INTO ACT_BLK
	VALUES ("2c3653a6-c8ca-4df2-97fd-15305644021c",
	0,
	0,
	0,
	'',
	'',
	'',
	0,
	0,
	0,
	0,
	0,
	0,
	0,
	0,
	0,
	0,
	0,
	0,
	0,
	"ddbf1f4f-55e7-4643-9f60-185136ea7c27",
	"00000000-0000-0000-0000-000000000000");
INSERT INTO S_BRG
	VALUES ("92b8df9e-456c-4b2a-89eb-168a6f2711da",
	"b131fcd5-e3da-4a66-ad11-d5a36b916289",
	'get_hour',
	'',
	1,
	"ba5eda7a-def5-0000-0000-000000000002",
	'',
	1,
	'');
INSERT INTO S_BPARM
	VALUES ("69afb51e-ca47-40fc-8abb-446cc3949528",
	"92b8df9e-456c-4b2a-89eb-168a6f2711da",
	'date',
	"ba5eda7a-def5-0000-0000-00000000000e",
	0,
	'',
	"00000000-0000-0000-0000-000000000000",
	'');
INSERT INTO ACT_BRB
	VALUES ("07ca8f05-7af4-46a0-97cb-f6ed2980e90f",
	"92b8df9e-456c-4b2a-89eb-168a6f2711da");
INSERT INTO ACT_ACT
	VALUES ("07ca8f05-7af4-46a0-97cb-f6ed2980e90f",
	'bridge',
	0,
	"2e509941-2d3e-4442-9b91-5c7a5622fb15",
	"00000000-0000-0000-0000-000000000000",
	0,
	'Time::get_hour',
	"00000000-0000-0000-0000-000000000000");
INSERT INTO ACT_BLK
	VALUES ("2e509941-2d3e-4442-9b91-5c7a5622fb15",
	0,
	0,
	0,
	'',
	'',
	'',
	0,
	0,
	0,
	0,
	0,
	0,
	0,
	0,
	0,
	0,
	0,
	0,
	0,
	"07ca8f05-7af4-46a0-97cb-f6ed2980e90f",
	"00000000-0000-0000-0000-000000000000");
INSERT INTO S_BRG
	VALUES ("f7a18686-eae4-4a70-86da-ebd524a27eff",
	"b131fcd5-e3da-4a66-ad11-d5a36b916289",
	'get_day',
	'',
	1,
	"ba5eda7a-def5-0000-0000-000000000002",
	'',
	1,
	'');
INSERT INTO S_BPARM
	VALUES ("34d18708-8cf4-4a0a-bcd4-d5d404af4e05",
	"f7a18686-eae4-4a70-86da-ebd524a27eff",
	'date',
	"ba5eda7a-def5-0000-0000-00000000000e",
	0,
	'',
	"00000000-0000-0000-0000-000000000000",
	'');
INSERT INTO ACT_BRB
	VALUES ("db42ce32-b333-45ae-96c1-b61974af5d1a",
	"f7a18686-eae4-4a70-86da-ebd524a27eff");
INSERT INTO ACT_ACT
	VALUES ("db42ce32-b333-45ae-96c1-b61974af5d1a",
	'bridge',
	0,
	"1bb9af81-5c70-43f7-b36a-f9bc2a800e4f",
	"00000000-0000-0000-0000-000000000000",
	0,
	'Time::get_day',
	"00000000-0000-0000-0000-000000000000");
INSERT INTO ACT_BLK
	VALUES ("1bb9af81-5c70-43f7-b36a-f9bc2a800e4f",
	0,
	0,
	0,
	'',
	'',
	'',
	0,
	0,
	0,
	0,
	0,
	0,
	0,
	0,
	0,
	0,
	0,
	0,
	0,
	"db42ce32-b333-45ae-96c1-b61974af5d1a",
	"00000000-0000-0000-0000-000000000000");
INSERT INTO S_BRG
	VALUES ("73903843-8642-4679-91f5-cf0d272d254e",
	"b131fcd5-e3da-4a66-ad11-d5a36b916289",
	'get_month',
	'',
	1,
	"ba5eda7a-def5-0000-0000-000000000002",
	'',
	1,
	'');
INSERT INTO S_BPARM
	VALUES ("61c1320c-a4ca-4149-9a8d-27d9cc95c3b9",
	"73903843-8642-4679-91f5-cf0d272d254e",
	'date',
	"ba5eda7a-def5-0000-0000-00000000000e",
	0,
	'',
	"00000000-0000-0000-0000-000000000000",
	'');
INSERT INTO ACT_BRB
	VALUES ("8af72548-4203-4adc-b776-8a172435cbb8",
	"73903843-8642-4679-91f5-cf0d272d254e");
INSERT INTO ACT_ACT
	VALUES ("8af72548-4203-4adc-b776-8a172435cbb8",
	'bridge',
	0,
	"c567988b-2832-47e2-84c3-5a348f4dc1b4",
	"00000000-0000-0000-0000-000000000000",
	0,
	'Time::get_month',
	"00000000-0000-0000-0000-000000000000");
INSERT INTO ACT_BLK
	VALUES ("c567988b-2832-47e2-84c3-5a348f4dc1b4",
	0,
	0,
	0,
	'',
	'',
	'',
	0,
	0,
	0,
	0,
	0,
	0,
	0,
	0,
	0,
	0,
	0,
	0,
	0,
	"8af72548-4203-4adc-b776-8a172435cbb8",
	"00000000-0000-0000-0000-000000000000");
INSERT INTO S_BRG
	VALUES ("3211ee4a-4dd8-48ba-9bc6-63e03a0abf09",
	"b131fcd5-e3da-4a66-ad11-d5a36b916289",
	'get_year',
	'',
	1,
	"ba5eda7a-def5-0000-0000-000000000002",
	'',
	1,
	'');
INSERT INTO S_BPARM
	VALUES ("09ddb5c9-aa9f-4e55-9276-d2706aba443b",
	"3211ee4a-4dd8-48ba-9bc6-63e03a0abf09",
	'date',
	"ba5eda7a-def5-0000-0000-00000000000e",
	0,
	'',
	"00000000-0000-0000-0000-000000000000",
	'');
INSERT INTO ACT_BRB
	VALUES ("829edbe6-5ba7-4931-8383-05307241d006",
	"3211ee4a-4dd8-48ba-9bc6-63e03a0abf09");
INSERT INTO ACT_ACT
	VALUES ("829edbe6-5ba7-4931-8383-05307241d006",
	'bridge',
	0,
	"a13a4948-a0e8-4034-a9e3-ad8dbdc9db23",
	"00000000-0000-0000-0000-000000000000",
	0,
	'Time::get_year',
	"00000000-0000-0000-0000-000000000000");
INSERT INTO ACT_BLK
	VALUES ("a13a4948-a0e8-4034-a9e3-ad8dbdc9db23",
	0,
	0,
	0,
	'',
	'',
	'',
	0,
	0,
	0,
	0,
	0,
	0,
	0,
	0,
	0,
	0,
	0,
	0,
	0,
	"829edbe6-5ba7-4931-8383-05307241d006",
	"00000000-0000-0000-0000-000000000000");
INSERT INTO S_BRG
	VALUES ("0e8406e7-81d4-4dca-81d8-3346df92dc62",
	"b131fcd5-e3da-4a66-ad11-d5a36b916289",
	'current_clock',
	'',
	1,
	"ba5eda7a-def5-0000-0000-000000000010",
	'',
	1,
	'');
INSERT INTO ACT_BRB
	VALUES ("0562efa0-2320-48c0-98a5-9b235b9a9c4a",
	"0e8406e7-81d4-4dca-81d8-3346df92dc62");
INSERT INTO ACT_ACT
	VALUES ("0562efa0-2320-48c0-98a5-9b235b9a9c4a",
	'bridge',
	0,
	"655581fd-0036-46de-b35a-2593c3ca8e5b",
	"00000000-0000-0000-0000-000000000000",
	0,
	'Time::current_clock',
	"00000000-0000-0000-0000-000000000000");
INSERT INTO ACT_BLK
	VALUES ("655581fd-0036-46de-b35a-2593c3ca8e5b",
	0,
	0,
	0,
	'',
	'',
	'',
	0,
	0,
	0,
	0,
	0,
	0,
	0,
	0,
	0,
	0,
	0,
	0,
	0,
	"0562efa0-2320-48c0-98a5-9b235b9a9c4a",
	"00000000-0000-0000-0000-000000000000");
INSERT INTO S_BRG
	VALUES ("8e5d8f31-8700-46a2-8176-ae7a4ec14aaf",
	"b131fcd5-e3da-4a66-ad11-d5a36b916289",
	'timer_start',
	'This bridge operation starts a timer set to expire in the specified number of
microseconds, generating the passed event upon expiration. Returns the instance
handle of the timer.',
	1,
	"ba5eda7a-def5-0000-0000-00000000000f",
	'',
	1,
	'');
INSERT INTO S_BPARM
	VALUES ("776fbd6b-262e-4ecf-86d6-e712ab34c49f",
	"8e5d8f31-8700-46a2-8176-ae7a4ec14aaf",
	'microseconds',
	"ba5eda7a-def5-0000-0000-000000000002",
	0,
	'',
	"f5d5328b-95c8-474e-bb17-33cc036253fb",
	'');
INSERT INTO S_BPARM
	VALUES ("f5d5328b-95c8-474e-bb17-33cc036253fb",
	"8e5d8f31-8700-46a2-8176-ae7a4ec14aaf",
	'event_inst',
	"ba5eda7a-def5-0000-0000-00000000000a",
	0,
	'',
	"00000000-0000-0000-0000-000000000000",
	'');
INSERT INTO ACT_BRB
	VALUES ("2852436f-931a-4a11-8a13-1de930204cb2",
	"8e5d8f31-8700-46a2-8176-ae7a4ec14aaf");
INSERT INTO ACT_ACT
	VALUES ("2852436f-931a-4a11-8a13-1de930204cb2",
	'bridge',
	0,
	"3aacffd9-d438-4d51-8870-0cdc9c6731b0",
	"00000000-0000-0000-0000-000000000000",
	0,
	'Time::timer_start',
	"00000000-0000-0000-0000-000000000000");
INSERT INTO ACT_BLK
	VALUES ("3aacffd9-d438-4d51-8870-0cdc9c6731b0",
	0,
	0,
	0,
	'',
	'',
	'',
	0,
	0,
	0,
	0,
	0,
	0,
	0,
	0,
	0,
	0,
	0,
	0,
	0,
	"2852436f-931a-4a11-8a13-1de930204cb2",
	"00000000-0000-0000-0000-000000000000");
INSERT INTO S_BRG
	VALUES ("44a5780d-ceed-4240-b7d8-c77386b5366c",
	"b131fcd5-e3da-4a66-ad11-d5a36b916289",
	'timer_start_recurring',
	'This bridge operation starts a timer set to expire in the specified number of
microseconds, generating the passed event upon expiration. Upon expiration, the
timer will be restarted and fire again in the specified number of microseconds
generating the passed event. This bridge operation returns the instance handle
of the timer.',
	1,
	"ba5eda7a-def5-0000-0000-00000000000f",
	'',
	1,
	'');
INSERT INTO S_BPARM
	VALUES ("d6deecab-f2d5-49a5-81b7-38e7761de521",
	"44a5780d-ceed-4240-b7d8-c77386b5366c",
	'microseconds',
	"ba5eda7a-def5-0000-0000-000000000002",
	0,
	'',
	"d3918e36-ca65-4e0c-b3d0-003ca544d109",
	'');
INSERT INTO S_BPARM
	VALUES ("d3918e36-ca65-4e0c-b3d0-003ca544d109",
	"44a5780d-ceed-4240-b7d8-c77386b5366c",
	'event_inst',
	"ba5eda7a-def5-0000-0000-00000000000a",
	0,
	'',
	"00000000-0000-0000-0000-000000000000",
	'');
INSERT INTO ACT_BRB
	VALUES ("ceb29e69-c677-455f-8001-2b6aca34bef3",
	"44a5780d-ceed-4240-b7d8-c77386b5366c");
INSERT INTO ACT_ACT
	VALUES ("ceb29e69-c677-455f-8001-2b6aca34bef3",
	'bridge',
	0,
	"214acadd-bd79-4d03-9380-f56da990d741",
	"00000000-0000-0000-0000-000000000000",
	0,
	'Time::timer_start_recurring',
	"00000000-0000-0000-0000-000000000000");
INSERT INTO ACT_BLK
	VALUES ("214acadd-bd79-4d03-9380-f56da990d741",
	0,
	0,
	0,
	'',
	'',
	'',
	0,
	0,
	0,
	0,
	0,
	0,
	0,
	0,
	0,
	0,
	0,
	0,
	0,
	"ceb29e69-c677-455f-8001-2b6aca34bef3",
	"00000000-0000-0000-0000-000000000000");
INSERT INTO S_BRG
	VALUES ("5cec8bc2-0058-4f90-9335-8389a4daf92e",
	"b131fcd5-e3da-4a66-ad11-d5a36b916289",
	'timer_remaining_time',
	'Returns the time remaining (in microseconds) for the passed timer instance. If
the timer has expired, a zero value is returned.',
	1,
	"ba5eda7a-def5-0000-0000-000000000002",
	'',
	1,
	'');
INSERT INTO S_BPARM
	VALUES ("2dbdb504-5d4f-4bed-a538-5e787fcb6988",
	"5cec8bc2-0058-4f90-9335-8389a4daf92e",
	'timer_inst_ref',
	"ba5eda7a-def5-0000-0000-00000000000f",
	0,
	'',
	"00000000-0000-0000-0000-000000000000",
	'');
INSERT INTO ACT_BRB
	VALUES ("6dbd7102-0680-4da8-8471-6787c17e08bb",
	"5cec8bc2-0058-4f90-9335-8389a4daf92e");
INSERT INTO ACT_ACT
	VALUES ("6dbd7102-0680-4da8-8471-6787c17e08bb",
	'bridge',
	0,
	"3644c34b-9bc4-424b-a3a0-a648407a3048",
	"00000000-0000-0000-0000-000000000000",
	0,
	'Time::timer_remaining_time',
	"00000000-0000-0000-0000-000000000000");
INSERT INTO ACT_BLK
	VALUES ("3644c34b-9bc4-424b-a3a0-a648407a3048",
	0,
	0,
	0,
	'',
	'',
	'',
	0,
	0,
	0,
	0,
	0,
	0,
	0,
	0,
	0,
	0,
	0,
	0,
	0,
	"6dbd7102-0680-4da8-8471-6787c17e08bb",
	"00000000-0000-0000-0000-000000000000");
INSERT INTO S_BRG
	VALUES ("4ca45017-2343-4e93-bd39-29a537102a49",
	"b131fcd5-e3da-4a66-ad11-d5a36b916289",
	'timer_reset_time',
	'This bridge operation attempts to set the passed existing timer to expire in
the specified number of microseconds. If the timer exists (that is, it has not
expired), a TRUE value is returned. If the timer no longer exists, a FALSE value
is returned.',
	1,
	"ba5eda7a-def5-0000-0000-000000000001",
	'',
	1,
	'');
INSERT INTO S_BPARM
	VALUES ("b8179074-0597-434c-802e-51fce399900e",
	"4ca45017-2343-4e93-bd39-29a537102a49",
	'timer_inst_ref',
	"ba5eda7a-def5-0000-0000-00000000000f",
	0,
	'',
	"924b1b8d-5bfc-4159-8f6e-ba9e1ea1729c",
	'');
INSERT INTO S_BPARM
	VALUES ("924b1b8d-5bfc-4159-8f6e-ba9e1ea1729c",
	"4ca45017-2343-4e93-bd39-29a537102a49",
	'microseconds',
	"ba5eda7a-def5-0000-0000-000000000002",
	0,
	'',
	"00000000-0000-0000-0000-000000000000",
	'');
INSERT INTO ACT_BRB
	VALUES ("6424f010-d3d9-4dc1-8104-646281f3c9a7",
	"4ca45017-2343-4e93-bd39-29a537102a49");
INSERT INTO ACT_ACT
	VALUES ("6424f010-d3d9-4dc1-8104-646281f3c9a7",
	'bridge',
	0,
	"c9310e69-10ff-48f2-8eed-a7513cc8f9b4",
	"00000000-0000-0000-0000-000000000000",
	0,
	'Time::timer_reset_time',
	"00000000-0000-0000-0000-000000000000");
INSERT INTO ACT_BLK
	VALUES ("c9310e69-10ff-48f2-8eed-a7513cc8f9b4",
	0,
	0,
	0,
	'',
	'',
	'',
	0,
	0,
	0,
	0,
	0,
	0,
	0,
	0,
	0,
	0,
	0,
	0,
	0,
	"6424f010-d3d9-4dc1-8104-646281f3c9a7",
	"00000000-0000-0000-0000-000000000000");
INSERT INTO S_BRG
	VALUES ("8d137080-7f59-4f95-bfaa-bba2feadb2be",
	"b131fcd5-e3da-4a66-ad11-d5a36b916289",
	'timer_add_time',
	'This bridge operation attempts to add the specified number of microseconds to a
passed existing timer. If the timer exists (that is, it has not expired), a TRUE
value is returned. If the timer no longer exists, a FALSE value is returned.',
	1,
	"ba5eda7a-def5-0000-0000-000000000001",
	'',
	1,
	'');
INSERT INTO S_BPARM
	VALUES ("9ca26c34-09c4-4d90-abce-a4b345ac3832",
	"8d137080-7f59-4f95-bfaa-bba2feadb2be",
	'timer_inst_ref',
	"ba5eda7a-def5-0000-0000-00000000000f",
	0,
	'',
	"f58a5bdb-a059-4095-8eed-5bc4aa274923",
	'');
INSERT INTO S_BPARM
	VALUES ("f58a5bdb-a059-4095-8eed-5bc4aa274923",
	"8d137080-7f59-4f95-bfaa-bba2feadb2be",
	'microseconds',
	"ba5eda7a-def5-0000-0000-000000000002",
	0,
	'',
	"00000000-0000-0000-0000-000000000000",
	'');
INSERT INTO ACT_BRB
	VALUES ("fb5374cd-4bcf-4e22-9895-1a689a5e5129",
	"8d137080-7f59-4f95-bfaa-bba2feadb2be");
INSERT INTO ACT_ACT
	VALUES ("fb5374cd-4bcf-4e22-9895-1a689a5e5129",
	'bridge',
	0,
	"3a43cf1b-0ae0-4811-ae0e-dd10ad0ffbfc",
	"00000000-0000-0000-0000-000000000000",
	0,
	'Time::timer_add_time',
	"00000000-0000-0000-0000-000000000000");
INSERT INTO ACT_BLK
	VALUES ("3a43cf1b-0ae0-4811-ae0e-dd10ad0ffbfc",
	0,
	0,
	0,
	'',
	'',
	'',
	0,
	0,
	0,
	0,
	0,
	0,
	0,
	0,
	0,
	0,
	0,
	0,
	0,
	"fb5374cd-4bcf-4e22-9895-1a689a5e5129",
	"00000000-0000-0000-0000-000000000000");
INSERT INTO S_BRG
	VALUES ("ec1da938-a59e-421e-8ec1-ec89167a4dde",
	"b131fcd5-e3da-4a66-ad11-d5a36b916289",
	'timer_cancel',
	'This bridge operation cancels and deletes the passed timer instance. If the 
timer exists (that is, it had not expired), a TRUE value is returned. If the
timer no longer exists, a FALSE value is returned.',
	1,
	"ba5eda7a-def5-0000-0000-000000000001",
	'',
	1,
	'');
INSERT INTO S_BPARM
	VALUES ("89c72da0-be97-4e68-923b-c05af6ac35b1",
	"ec1da938-a59e-421e-8ec1-ec89167a4dde",
	'timer_inst_ref',
	"ba5eda7a-def5-0000-0000-00000000000f",
	0,
	'',
	"00000000-0000-0000-0000-000000000000",
	'');
INSERT INTO ACT_BRB
	VALUES ("c89437ac-0aca-4186-9d79-f7958f36be98",
	"ec1da938-a59e-421e-8ec1-ec89167a4dde");
INSERT INTO ACT_ACT
	VALUES ("c89437ac-0aca-4186-9d79-f7958f36be98",
	'bridge',
	0,
	"07ac5e20-611b-4a12-84a4-ce9f93c14957",
	"00000000-0000-0000-0000-000000000000",
	0,
	'Time::timer_cancel',
	"00000000-0000-0000-0000-000000000000");
INSERT INTO ACT_BLK
	VALUES ("07ac5e20-611b-4a12-84a4-ce9f93c14957",
	0,
	0,
	0,
	'',
	'',
	'',
	0,
	0,
	0,
	0,
	0,
	0,
	0,
	0,
	0,
	0,
	0,
	0,
	0,
	"c89437ac-0aca-4186-9d79-f7958f36be98",
	"00000000-0000-0000-0000-000000000000");
INSERT INTO PE_PE
	VALUES ("2e5802bc-ec39-4496-a96a-6e422e479d61",
	1,
	"a23d0930-054c-4bec-9e47-917c854d81fd",
	"00000000-0000-0000-0000-000000000000",
	7);
INSERT INTO EP_PKG
	VALUES ("2e5802bc-ec39-4496-a96a-6e422e479d61",
	"00000000-0000-0000-0000-000000000000",
	"c6693612-7c4f-42e5-b64f-16c64f288945",
	'consistencyTest',
	'',
	0);
INSERT INTO PE_PE
	VALUES ("69ba7fc1-d561-44a0-9cc1-111faa5f87c3",
	1,
	"2e5802bc-ec39-4496-a96a-6e422e479d61",
	"00000000-0000-0000-0000-000000000000",
	9);
INSERT INTO R_REL
	VALUES ("69ba7fc1-d561-44a0-9cc1-111faa5f87c3",
	1,
	'',
	"00000000-0000-0000-0000-000000000000");
INSERT INTO R_SIMP
	VALUES ("69ba7fc1-d561-44a0-9cc1-111faa5f87c3");
INSERT INTO R_PART
	VALUES ("dbc0c0fb-979b-4b90-b68b-ad5bbeb24354",
	"69ba7fc1-d561-44a0-9cc1-111faa5f87c3",
	"8d753a02-cd88-4f68-85d2-ad8f6257fb6b",
	0,
	0,
	'');
INSERT INTO O_RTIDA
	VALUES ("fac42b32-d49f-46be-94bc-609dd72a9fc7",
	"dbc0c0fb-979b-4b90-b68b-ad5bbeb24354",
	0,
	"69ba7fc1-d561-44a0-9cc1-111faa5f87c3",
	"8d753a02-cd88-4f68-85d2-ad8f6257fb6b");
INSERT INTO R_RTO
	VALUES ("dbc0c0fb-979b-4b90-b68b-ad5bbeb24354",
	"69ba7fc1-d561-44a0-9cc1-111faa5f87c3",
	"8d753a02-cd88-4f68-85d2-ad8f6257fb6b",
	0);
INSERT INTO R_OIR
	VALUES ("dbc0c0fb-979b-4b90-b68b-ad5bbeb24354",
	"69ba7fc1-d561-44a0-9cc1-111faa5f87c3",
	"8d753a02-cd88-4f68-85d2-ad8f6257fb6b",
	"00000000-0000-0000-0000-000000000000");
INSERT INTO R_FORM
	VALUES ("528ae45b-7720-4c06-b79e-a71ed4bc46bf",
	"69ba7fc1-d561-44a0-9cc1-111faa5f87c3",
	"a9d16408-5cf3-4140-8f3c-a78c59806abb",
	0,
	0,
	'');
INSERT INTO R_RGO
	VALUES ("528ae45b-7720-4c06-b79e-a71ed4bc46bf",
	"69ba7fc1-d561-44a0-9cc1-111faa5f87c3",
	"a9d16408-5cf3-4140-8f3c-a78c59806abb");
INSERT INTO R_OIR
	VALUES ("528ae45b-7720-4c06-b79e-a71ed4bc46bf",
	"69ba7fc1-d561-44a0-9cc1-111faa5f87c3",
	"a9d16408-5cf3-4140-8f3c-a78c59806abb",
	"00000000-0000-0000-0000-000000000000");
INSERT INTO PE_PE
	VALUES ("3ddc32cc-e900-49ef-b664-7514c820ff59",
	1,
	"2e5802bc-ec39-4496-a96a-6e422e479d61",
	"00000000-0000-0000-0000-000000000000",
	9);
INSERT INTO R_REL
	VALUES ("3ddc32cc-e900-49ef-b664-7514c820ff59",
	2,
	'',
	"00000000-0000-0000-0000-000000000000");
INSERT INTO R_ASSOC
	VALUES ("3ddc32cc-e900-49ef-b664-7514c820ff59");
INSERT INTO R_AONE
	VALUES ("ecca330d-5d1a-450e-a5d2-e9f34b2320f0",
	"3ddc32cc-e900-49ef-b664-7514c820ff59",
	"bf8d8745-dfc1-4459-996b-384b8a26047a",
	0,
	0,
	'');
INSERT INTO O_RTIDA
	VALUES ("af6649d0-97e5-402a-8906-9097bd03f391",
	"ecca330d-5d1a-450e-a5d2-e9f34b2320f0",
	0,
	"3ddc32cc-e900-49ef-b664-7514c820ff59",
	"bf8d8745-dfc1-4459-996b-384b8a26047a");
INSERT INTO R_RTO
	VALUES ("ecca330d-5d1a-450e-a5d2-e9f34b2320f0",
	"3ddc32cc-e900-49ef-b664-7514c820ff59",
	"bf8d8745-dfc1-4459-996b-384b8a26047a",
	0);
INSERT INTO R_OIR
	VALUES ("ecca330d-5d1a-450e-a5d2-e9f34b2320f0",
	"3ddc32cc-e900-49ef-b664-7514c820ff59",
	"bf8d8745-dfc1-4459-996b-384b8a26047a",
	"00000000-0000-0000-0000-000000000000");
INSERT INTO R_AOTH
	VALUES ("dc57cbfd-3eca-445b-8faf-7f55aa7a25cb",
	"3ddc32cc-e900-49ef-b664-7514c820ff59",
	"6382e4b1-0828-4997-8f3d-c4d1f04f90b4",
	0,
	0,
	'');
INSERT INTO O_RTIDA
	VALUES ("0142ff2b-c102-4a6b-8ff8-9c82263d2fa3",
	"dc57cbfd-3eca-445b-8faf-7f55aa7a25cb",
	0,
	"3ddc32cc-e900-49ef-b664-7514c820ff59",
	"6382e4b1-0828-4997-8f3d-c4d1f04f90b4");
INSERT INTO R_RTO
	VALUES ("dc57cbfd-3eca-445b-8faf-7f55aa7a25cb",
	"3ddc32cc-e900-49ef-b664-7514c820ff59",
	"6382e4b1-0828-4997-8f3d-c4d1f04f90b4",
	0);
INSERT INTO R_OIR
	VALUES ("dc57cbfd-3eca-445b-8faf-7f55aa7a25cb",
	"3ddc32cc-e900-49ef-b664-7514c820ff59",
	"6382e4b1-0828-4997-8f3d-c4d1f04f90b4",
	"00000000-0000-0000-0000-000000000000");
INSERT INTO R_ASSR
	VALUES ("73ad9d92-14ee-42c8-99ad-8ce5002d81c9",
	"3ddc32cc-e900-49ef-b664-7514c820ff59",
	"2bd53e8e-6513-4f7b-bcfe-6a35e1201a2d",
	0);
INSERT INTO R_RGO
	VALUES ("73ad9d92-14ee-42c8-99ad-8ce5002d81c9",
	"3ddc32cc-e900-49ef-b664-7514c820ff59",
	"2bd53e8e-6513-4f7b-bcfe-6a35e1201a2d");
INSERT INTO R_OIR
	VALUES ("73ad9d92-14ee-42c8-99ad-8ce5002d81c9",
	"3ddc32cc-e900-49ef-b664-7514c820ff59",
	"2bd53e8e-6513-4f7b-bcfe-6a35e1201a2d",
	"00000000-0000-0000-0000-000000000000");
INSERT INTO PE_PE
	VALUES ("2283e967-958b-4248-b11d-337ce527c5e8",
	1,
	"2e5802bc-ec39-4496-a96a-6e422e479d61",
	"00000000-0000-0000-0000-000000000000",
	9);
INSERT INTO R_REL
	VALUES ("2283e967-958b-4248-b11d-337ce527c5e8",
	3,
	'',
	"00000000-0000-0000-0000-000000000000");
INSERT INTO R_SUBSUP
	VALUES ("2283e967-958b-4248-b11d-337ce527c5e8");
INSERT INTO R_SUPER
	VALUES ("8ab297d8-ec17-42d2-a7bb-a463c2d168d6",
	"2283e967-958b-4248-b11d-337ce527c5e8",
	"99c5c939-4ec1-445a-b32b-3744b4d1d1d1");
INSERT INTO O_RTIDA
	VALUES ("677e1e85-4c16-4d41-8545-d75bb77b9bc0",
	"8ab297d8-ec17-42d2-a7bb-a463c2d168d6",
	0,
	"2283e967-958b-4248-b11d-337ce527c5e8",
	"99c5c939-4ec1-445a-b32b-3744b4d1d1d1");
INSERT INTO R_RTO
	VALUES ("8ab297d8-ec17-42d2-a7bb-a463c2d168d6",
	"2283e967-958b-4248-b11d-337ce527c5e8",
	"99c5c939-4ec1-445a-b32b-3744b4d1d1d1",
	0);
INSERT INTO R_OIR
	VALUES ("8ab297d8-ec17-42d2-a7bb-a463c2d168d6",
	"2283e967-958b-4248-b11d-337ce527c5e8",
	"99c5c939-4ec1-445a-b32b-3744b4d1d1d1",
	"00000000-0000-0000-0000-000000000000");
INSERT INTO R_SUB
	VALUES ("961c852b-633e-499f-a0bf-2f94d2cfa095",
	"2283e967-958b-4248-b11d-337ce527c5e8",
	"7ad8a34b-e432-4baf-b97c-53f6649fd18a");
INSERT INTO R_RGO
	VALUES ("961c852b-633e-499f-a0bf-2f94d2cfa095",
	"2283e967-958b-4248-b11d-337ce527c5e8",
	"7ad8a34b-e432-4baf-b97c-53f6649fd18a");
INSERT INTO R_OIR
	VALUES ("961c852b-633e-499f-a0bf-2f94d2cfa095",
	"2283e967-958b-4248-b11d-337ce527c5e8",
	"7ad8a34b-e432-4baf-b97c-53f6649fd18a",
	"00000000-0000-0000-0000-000000000000");
INSERT INTO R_SUB
	VALUES ("fea88190-596a-412f-9e92-da786b189437",
	"2283e967-958b-4248-b11d-337ce527c5e8",
	"0bdfa690-5f6e-4b53-8986-eb168d882490");
INSERT INTO R_RGO
	VALUES ("fea88190-596a-412f-9e92-da786b189437",
	"2283e967-958b-4248-b11d-337ce527c5e8",
	"0bdfa690-5f6e-4b53-8986-eb168d882490");
INSERT INTO R_OIR
	VALUES ("fea88190-596a-412f-9e92-da786b189437",
	"2283e967-958b-4248-b11d-337ce527c5e8",
	"0bdfa690-5f6e-4b53-8986-eb168d882490",
	"00000000-0000-0000-0000-000000000000");
INSERT INTO PE_PE
	VALUES ("6740c1aa-7f2b-46f7-9897-98248f493dba",
	1,
	"2e5802bc-ec39-4496-a96a-6e422e479d61",
	"00000000-0000-0000-0000-000000000000",
	4);
INSERT INTO O_OBJ
	VALUES ("6740c1aa-7f2b-46f7-9897-98248f493dba",
	'identifierTest',
	1,
	'CST_IDT',
	'',
	"00000000-0000-0000-0000-000000000000");
INSERT INTO O_NBATTR
	VALUES ("ec526e62-a414-474c-9be7-b82370ef2749",
	"6740c1aa-7f2b-46f7-9897-98248f493dba");
INSERT INTO O_BATTR
	VALUES ("ec526e62-a414-474c-9be7-b82370ef2749",
	"6740c1aa-7f2b-46f7-9897-98248f493dba");
INSERT INTO O_ATTR
	VALUES ("ec526e62-a414-474c-9be7-b82370ef2749",
	"6740c1aa-7f2b-46f7-9897-98248f493dba",
	"00000000-0000-0000-0000-000000000000",
	'primaryID',
	'',
	'',
	'primaryID',
	0,
	"ba5eda7a-def5-0000-0000-000000000002",
	'',
	'');
INSERT INTO O_NBATTR
	VALUES ("337d7ee4-afb5-43f5-97b9-028b0c8212e7",
	"6740c1aa-7f2b-46f7-9897-98248f493dba");
INSERT INTO O_BATTR
	VALUES ("337d7ee4-afb5-43f5-97b9-028b0c8212e7",
	"6740c1aa-7f2b-46f7-9897-98248f493dba");
INSERT INTO O_ATTR
	VALUES ("337d7ee4-afb5-43f5-97b9-028b0c8212e7",
	"6740c1aa-7f2b-46f7-9897-98248f493dba",
	"ec526e62-a414-474c-9be7-b82370ef2749",
	'secondaryID',
	'',
	'',
	'secondaryID',
	0,
	"ba5eda7a-def5-0000-0000-000000000002",
	'',
	'');
INSERT INTO O_NBATTR
	VALUES ("913af298-eb74-4837-8ed0-d8591e217401",
	"6740c1aa-7f2b-46f7-9897-98248f493dba");
INSERT INTO O_BATTR
	VALUES ("913af298-eb74-4837-8ed0-d8591e217401",
	"6740c1aa-7f2b-46f7-9897-98248f493dba");
INSERT INTO O_ATTR
	VALUES ("913af298-eb74-4837-8ed0-d8591e217401",
	"6740c1aa-7f2b-46f7-9897-98248f493dba",
	"337d7ee4-afb5-43f5-97b9-028b0c8212e7",
	'tertiaryID',
	'',
	'',
	'tertiaryID',
	0,
	"ba5eda7a-def5-0000-0000-000000000002",
	'',
	'');
INSERT INTO O_ID
	VALUES (0,
	"6740c1aa-7f2b-46f7-9897-98248f493dba");
INSERT INTO O_OIDA
	VALUES ("ec526e62-a414-474c-9be7-b82370ef2749",
	"6740c1aa-7f2b-46f7-9897-98248f493dba",
	0,
	'primaryID');
INSERT INTO O_ID
	VALUES (1,
	"6740c1aa-7f2b-46f7-9897-98248f493dba");
INSERT INTO O_OIDA
	VALUES ("337d7ee4-afb5-43f5-97b9-028b0c8212e7",
	"6740c1aa-7f2b-46f7-9897-98248f493dba",
	1,
	'secondaryID');
INSERT INTO O_ID
	VALUES (2,
	"6740c1aa-7f2b-46f7-9897-98248f493dba");
INSERT INTO O_OIDA
	VALUES ("913af298-eb74-4837-8ed0-d8591e217401",
	"6740c1aa-7f2b-46f7-9897-98248f493dba",
	2,
	'tertiaryID');
INSERT INTO PE_PE
	VALUES ("ecca330d-5d1a-450e-a5d2-e9f34b2320f0",
	1,
	"2e5802bc-ec39-4496-a96a-6e422e479d61",
	"00000000-0000-0000-0000-000000000000",
	4);
INSERT INTO O_OBJ
	VALUES ("ecca330d-5d1a-450e-a5d2-e9f34b2320f0",
	'linkLeftSide',
	4,
	'CST_LLS',
	'',
	"00000000-0000-0000-0000-000000000000");
INSERT INTO O_NBATTR
	VALUES ("af6649d0-97e5-402a-8906-9097bd03f391",
	"ecca330d-5d1a-450e-a5d2-e9f34b2320f0");
INSERT INTO O_BATTR
	VALUES ("af6649d0-97e5-402a-8906-9097bd03f391",
	"ecca330d-5d1a-450e-a5d2-e9f34b2320f0");
INSERT INTO O_ATTR
	VALUES ("af6649d0-97e5-402a-8906-9097bd03f391",
	"ecca330d-5d1a-450e-a5d2-e9f34b2320f0",
	"00000000-0000-0000-0000-000000000000",
	'llsID',
	'',
	'',
	'llsID',
	0,
	"ba5eda7a-def5-0000-0000-000000000002",
	'',
	'');
INSERT INTO O_ID
	VALUES (0,
	"ecca330d-5d1a-450e-a5d2-e9f34b2320f0");
INSERT INTO O_OIDA
	VALUES ("af6649d0-97e5-402a-8906-9097bd03f391",
	"ecca330d-5d1a-450e-a5d2-e9f34b2320f0",
	0,
	'llsID');
INSERT INTO O_ID
	VALUES (1,
	"ecca330d-5d1a-450e-a5d2-e9f34b2320f0");
INSERT INTO O_ID
	VALUES (2,
	"ecca330d-5d1a-450e-a5d2-e9f34b2320f0");
INSERT INTO PE_PE
	VALUES ("dc57cbfd-3eca-445b-8faf-7f55aa7a25cb",
	1,
	"2e5802bc-ec39-4496-a96a-6e422e479d61",
	"00000000-0000-0000-0000-000000000000",
	4);
INSERT INTO O_OBJ
	VALUES ("dc57cbfd-3eca-445b-8faf-7f55aa7a25cb",
	'linkRightSide',
	5,
	'CST_LRS',
	'',
	"00000000-0000-0000-0000-000000000000");
INSERT INTO O_NBATTR
	VALUES ("0142ff2b-c102-4a6b-8ff8-9c82263d2fa3",
	"dc57cbfd-3eca-445b-8faf-7f55aa7a25cb");
INSERT INTO O_BATTR
	VALUES ("0142ff2b-c102-4a6b-8ff8-9c82263d2fa3",
	"dc57cbfd-3eca-445b-8faf-7f55aa7a25cb");
INSERT INTO O_ATTR
	VALUES ("0142ff2b-c102-4a6b-8ff8-9c82263d2fa3",
	"dc57cbfd-3eca-445b-8faf-7f55aa7a25cb",
	"00000000-0000-0000-0000-000000000000",
	'lrsID',
	'',
	'',
	'lrsID',
	0,
	"ba5eda7a-def5-0000-0000-000000000002",
	'',
	'');
INSERT INTO O_ID
	VALUES (0,
	"dc57cbfd-3eca-445b-8faf-7f55aa7a25cb");
INSERT INTO O_OIDA
	VALUES ("0142ff2b-c102-4a6b-8ff8-9c82263d2fa3",
	"dc57cbfd-3eca-445b-8faf-7f55aa7a25cb",
	0,
	'lrsID');
INSERT INTO O_ID
	VALUES (1,
	"dc57cbfd-3eca-445b-8faf-7f55aa7a25cb");
INSERT INTO O_ID
	VALUES (2,
	"dc57cbfd-3eca-445b-8faf-7f55aa7a25cb");
INSERT INTO PE_PE
	VALUES ("73ad9d92-14ee-42c8-99ad-8ce5002d81c9",
	1,
	"2e5802bc-ec39-4496-a96a-6e422e479d61",
	"00000000-0000-0000-0000-000000000000",
	4);
INSERT INTO O_OBJ
	VALUES ("73ad9d92-14ee-42c8-99ad-8ce5002d81c9",
	'linkTest',
	6,
	'CST_LT',
	'',
	"00000000-0000-0000-0000-000000000000");
INSERT INTO O_REF
	VALUES ("73ad9d92-14ee-42c8-99ad-8ce5002d81c9",
	"ecca330d-5d1a-450e-a5d2-e9f34b2320f0",
	0,
	"af6649d0-97e5-402a-8906-9097bd03f391",
	"3ddc32cc-e900-49ef-b664-7514c820ff59",
	"2bd53e8e-6513-4f7b-bcfe-6a35e1201a2d",
	"bf8d8745-dfc1-4459-996b-384b8a26047a",
	"72a1dd85-01c9-4a97-9900-03a3ed5a0fb1",
	"29595527-a692-447d-8421-51068d368387",
	"00000000-0000-0000-0000-000000000000",
	0,
	'',
	'linkLeftSide',
	'llsID',
	'R2');
INSERT INTO O_RATTR
	VALUES ("72a1dd85-01c9-4a97-9900-03a3ed5a0fb1",
	"73ad9d92-14ee-42c8-99ad-8ce5002d81c9",
	"af6649d0-97e5-402a-8906-9097bd03f391",
	"ecca330d-5d1a-450e-a5d2-e9f34b2320f0",
	1,
	'llsID');
INSERT INTO O_ATTR
	VALUES ("72a1dd85-01c9-4a97-9900-03a3ed5a0fb1",
	"73ad9d92-14ee-42c8-99ad-8ce5002d81c9",
	"00000000-0000-0000-0000-000000000000",
	'llsID',
	'',
	'',
	'llsID',
	0,
	"ba5eda7a-def5-0000-0000-000000000007",
	'',
	'');
INSERT INTO O_REF
	VALUES ("73ad9d92-14ee-42c8-99ad-8ce5002d81c9",
	"dc57cbfd-3eca-445b-8faf-7f55aa7a25cb",
	0,
	"0142ff2b-c102-4a6b-8ff8-9c82263d2fa3",
	"3ddc32cc-e900-49ef-b664-7514c820ff59",
	"2bd53e8e-6513-4f7b-bcfe-6a35e1201a2d",
	"6382e4b1-0828-4997-8f3d-c4d1f04f90b4",
	"0d17aece-68b9-48b6-8b0d-c60e2bac0bcc",
	"9fc09c1e-5e8e-437c-87ad-3bb0cf94ac27",
	"00000000-0000-0000-0000-000000000000",
	0,
	'',
	'linkRightSide',
	'lrsID',
	'R2');
INSERT INTO O_RATTR
	VALUES ("0d17aece-68b9-48b6-8b0d-c60e2bac0bcc",
	"73ad9d92-14ee-42c8-99ad-8ce5002d81c9",
	"0142ff2b-c102-4a6b-8ff8-9c82263d2fa3",
	"dc57cbfd-3eca-445b-8faf-7f55aa7a25cb",
	1,
	'lrsID');
INSERT INTO O_ATTR
	VALUES ("0d17aece-68b9-48b6-8b0d-c60e2bac0bcc",
	"73ad9d92-14ee-42c8-99ad-8ce5002d81c9",
	"72a1dd85-01c9-4a97-9900-03a3ed5a0fb1",
	'lrsID',
	'',
	'',
	'lrsID',
	0,
	"ba5eda7a-def5-0000-0000-000000000007",
	'',
	'');
INSERT INTO O_ID
	VALUES (0,
	"73ad9d92-14ee-42c8-99ad-8ce5002d81c9");
INSERT INTO O_OIDA
	VALUES ("72a1dd85-01c9-4a97-9900-03a3ed5a0fb1",
	"73ad9d92-14ee-42c8-99ad-8ce5002d81c9",
	0,
	'llsID');
INSERT INTO O_OIDA
	VALUES ("0d17aece-68b9-48b6-8b0d-c60e2bac0bcc",
	"73ad9d92-14ee-42c8-99ad-8ce5002d81c9",
	0,
	'lrsID');
INSERT INTO O_ID
	VALUES (1,
	"73ad9d92-14ee-42c8-99ad-8ce5002d81c9");
INSERT INTO O_ID
	VALUES (2,
	"73ad9d92-14ee-42c8-99ad-8ce5002d81c9");
INSERT INTO PE_PE
	VALUES ("528ae45b-7720-4c06-b79e-a71ed4bc46bf",
	1,
	"2e5802bc-ec39-4496-a96a-6e422e479d61",
	"00000000-0000-0000-0000-000000000000",
	4);
INSERT INTO O_OBJ
	VALUES ("528ae45b-7720-4c06-b79e-a71ed4bc46bf",
	'singleFormalizerTest',
	3,
	'CST_SFT',
	'',
	"00000000-0000-0000-0000-000000000000");
INSERT INTO O_NBATTR
	VALUES ("144060c0-5be3-4326-875e-3d976ab1631a",
	"528ae45b-7720-4c06-b79e-a71ed4bc46bf");
INSERT INTO O_BATTR
	VALUES ("144060c0-5be3-4326-875e-3d976ab1631a",
	"528ae45b-7720-4c06-b79e-a71ed4bc46bf");
INSERT INTO O_ATTR
	VALUES ("144060c0-5be3-4326-875e-3d976ab1631a",
	"528ae45b-7720-4c06-b79e-a71ed4bc46bf",
	"00000000-0000-0000-0000-000000000000",
	'sftID',
	'',
	'',
	'sftID',
	0,
	"ba5eda7a-def5-0000-0000-000000000002",
	'',
	'');
INSERT INTO O_REF
	VALUES ("528ae45b-7720-4c06-b79e-a71ed4bc46bf",
	"dbc0c0fb-979b-4b90-b68b-ad5bbeb24354",
	0,
	"fac42b32-d49f-46be-94bc-609dd72a9fc7",
	"69ba7fc1-d561-44a0-9cc1-111faa5f87c3",
	"a9d16408-5cf3-4140-8f3c-a78c59806abb",
	"8d753a02-cd88-4f68-85d2-ad8f6257fb6b",
	"999b25cb-9c65-480a-bf00-0ef4d1661079",
	"e875737a-1459-4d42-a921-26540e2ff349",
	"00000000-0000-0000-0000-000000000000",
	0,
	'',
	'singleParticipantTest',
	'sptID',
	'R1');
INSERT INTO O_RATTR
	VALUES ("999b25cb-9c65-480a-bf00-0ef4d1661079",
	"528ae45b-7720-4c06-b79e-a71ed4bc46bf",
	"fac42b32-d49f-46be-94bc-609dd72a9fc7",
	"dbc0c0fb-979b-4b90-b68b-ad5bbeb24354",
	1,
	'sptID');
INSERT INTO O_ATTR
	VALUES ("999b25cb-9c65-480a-bf00-0ef4d1661079",
	"528ae45b-7720-4c06-b79e-a71ed4bc46bf",
	"144060c0-5be3-4326-875e-3d976ab1631a",
	'sptID',
	'',
	'',
	'sptID',
	0,
	"ba5eda7a-def5-0000-0000-000000000007",
	'',
	'');
INSERT INTO O_ID
	VALUES (0,
	"528ae45b-7720-4c06-b79e-a71ed4bc46bf");
INSERT INTO O_OIDA
	VALUES ("144060c0-5be3-4326-875e-3d976ab1631a",
	"528ae45b-7720-4c06-b79e-a71ed4bc46bf",
	0,
	'sftID');
INSERT INTO O_ID
	VALUES (1,
	"528ae45b-7720-4c06-b79e-a71ed4bc46bf");
INSERT INTO O_ID
	VALUES (2,
	"528ae45b-7720-4c06-b79e-a71ed4bc46bf");
INSERT INTO PE_PE
	VALUES ("dbc0c0fb-979b-4b90-b68b-ad5bbeb24354",
	1,
	"2e5802bc-ec39-4496-a96a-6e422e479d61",
	"00000000-0000-0000-0000-000000000000",
	4);
INSERT INTO O_OBJ
	VALUES ("dbc0c0fb-979b-4b90-b68b-ad5bbeb24354",
	'singleParticipantTest',
	2,
	'CST_SPT',
	'',
	"00000000-0000-0000-0000-000000000000");
INSERT INTO O_NBATTR
	VALUES ("fac42b32-d49f-46be-94bc-609dd72a9fc7",
	"dbc0c0fb-979b-4b90-b68b-ad5bbeb24354");
INSERT INTO O_BATTR
	VALUES ("fac42b32-d49f-46be-94bc-609dd72a9fc7",
	"dbc0c0fb-979b-4b90-b68b-ad5bbeb24354");
INSERT INTO O_ATTR
	VALUES ("fac42b32-d49f-46be-94bc-609dd72a9fc7",
	"dbc0c0fb-979b-4b90-b68b-ad5bbeb24354",
	"00000000-0000-0000-0000-000000000000",
	'sptID',
	'',
	'',
	'sptID',
	0,
	"ba5eda7a-def5-0000-0000-000000000002",
	'',
	'');
INSERT INTO O_ID
	VALUES (0,
	"dbc0c0fb-979b-4b90-b68b-ad5bbeb24354");
INSERT INTO O_OIDA
	VALUES ("fac42b32-d49f-46be-94bc-609dd72a9fc7",
	"dbc0c0fb-979b-4b90-b68b-ad5bbeb24354",
	0,
	'sptID');
INSERT INTO O_ID
	VALUES (1,
	"dbc0c0fb-979b-4b90-b68b-ad5bbeb24354");
INSERT INTO O_ID
	VALUES (2,
	"dbc0c0fb-979b-4b90-b68b-ad5bbeb24354");
INSERT INTO PE_PE
	VALUES ("fea88190-596a-412f-9e92-da786b189437",
	1,
	"2e5802bc-ec39-4496-a96a-6e422e479d61",
	"00000000-0000-0000-0000-000000000000",
	4);
INSERT INTO O_OBJ
	VALUES ("fea88190-596a-412f-9e92-da786b189437",
	'subtypeLeft',
	7,
	'CST_STL',
	'',
	"00000000-0000-0000-0000-000000000000");
INSERT INTO O_REF
	VALUES ("fea88190-596a-412f-9e92-da786b189437",
	"8ab297d8-ec17-42d2-a7bb-a463c2d168d6",
	0,
	"677e1e85-4c16-4d41-8545-d75bb77b9bc0",
	"2283e967-958b-4248-b11d-337ce527c5e8",
	"0bdfa690-5f6e-4b53-8986-eb168d882490",
	"99c5c939-4ec1-445a-b32b-3744b4d1d1d1",
	"74f950b1-c288-4dd8-8396-2577a1abe3b7",
	"4d134e00-8806-4c9b-b71c-604f3f6832a9",
	"00000000-0000-0000-0000-000000000000",
	0,
	'',
	'supertypeTest',
	'sstID',
	'R3');
INSERT INTO O_RATTR
	VALUES ("74f950b1-c288-4dd8-8396-2577a1abe3b7",
	"fea88190-596a-412f-9e92-da786b189437",
	"677e1e85-4c16-4d41-8545-d75bb77b9bc0",
	"8ab297d8-ec17-42d2-a7bb-a463c2d168d6",
	1,
	'sstID');
INSERT INTO O_ATTR
	VALUES ("74f950b1-c288-4dd8-8396-2577a1abe3b7",
	"fea88190-596a-412f-9e92-da786b189437",
	"00000000-0000-0000-0000-000000000000",
	'sstID',
	'',
	'',
	'sstID',
	0,
	"ba5eda7a-def5-0000-0000-000000000007",
	'',
	'');
INSERT INTO O_ID
	VALUES (0,
	"fea88190-596a-412f-9e92-da786b189437");
INSERT INTO O_OIDA
	VALUES ("74f950b1-c288-4dd8-8396-2577a1abe3b7",
	"fea88190-596a-412f-9e92-da786b189437",
	0,
	'sstID');
INSERT INTO O_ID
	VALUES (1,
	"fea88190-596a-412f-9e92-da786b189437");
INSERT INTO O_ID
	VALUES (2,
	"fea88190-596a-412f-9e92-da786b189437");
INSERT INTO PE_PE
	VALUES ("961c852b-633e-499f-a0bf-2f94d2cfa095",
	1,
	"2e5802bc-ec39-4496-a96a-6e422e479d61",
	"00000000-0000-0000-0000-000000000000",
	4);
INSERT INTO O_OBJ
	VALUES ("961c852b-633e-499f-a0bf-2f94d2cfa095",
	'subtypeRight',
	8,
	'CST_STR',
	'',
	"00000000-0000-0000-0000-000000000000");
INSERT INTO O_REF
	VALUES ("961c852b-633e-499f-a0bf-2f94d2cfa095",
	"8ab297d8-ec17-42d2-a7bb-a463c2d168d6",
	0,
	"677e1e85-4c16-4d41-8545-d75bb77b9bc0",
	"2283e967-958b-4248-b11d-337ce527c5e8",
	"7ad8a34b-e432-4baf-b97c-53f6649fd18a",
	"99c5c939-4ec1-445a-b32b-3744b4d1d1d1",
	"af6d215d-f544-47b8-881c-dde355f9f522",
	"bbce936a-056d-4c77-ae7a-b40f5fa1ef4f",
	"00000000-0000-0000-0000-000000000000",
	0,
	'',
	'supertypeTest',
	'sstID',
	'R3');
INSERT INTO O_RATTR
	VALUES ("af6d215d-f544-47b8-881c-dde355f9f522",
	"961c852b-633e-499f-a0bf-2f94d2cfa095",
	"677e1e85-4c16-4d41-8545-d75bb77b9bc0",
	"8ab297d8-ec17-42d2-a7bb-a463c2d168d6",
	1,
	'sstID');
INSERT INTO O_ATTR
	VALUES ("af6d215d-f544-47b8-881c-dde355f9f522",
	"961c852b-633e-499f-a0bf-2f94d2cfa095",
	"00000000-0000-0000-0000-000000000000",
	'sstID',
	'',
	'',
	'sstID',
	0,
	"ba5eda7a-def5-0000-0000-000000000007",
	'',
	'');
INSERT INTO O_ID
	VALUES (0,
	"961c852b-633e-499f-a0bf-2f94d2cfa095");
INSERT INTO O_OIDA
	VALUES ("af6d215d-f544-47b8-881c-dde355f9f522",
	"961c852b-633e-499f-a0bf-2f94d2cfa095",
	0,
	'sstID');
INSERT INTO O_ID
	VALUES (1,
	"961c852b-633e-499f-a0bf-2f94d2cfa095");
INSERT INTO O_ID
	VALUES (2,
	"961c852b-633e-499f-a0bf-2f94d2cfa095");
INSERT INTO PE_PE
	VALUES ("8ab297d8-ec17-42d2-a7bb-a463c2d168d6",
	1,
	"2e5802bc-ec39-4496-a96a-6e422e479d61",
	"00000000-0000-0000-0000-000000000000",
	4);
INSERT INTO O_OBJ
	VALUES ("8ab297d8-ec17-42d2-a7bb-a463c2d168d6",
	'supertypeTest',
	9,
	'CST_STT',
	'',
	"00000000-0000-0000-0000-000000000000");
INSERT INTO O_NBATTR
	VALUES ("677e1e85-4c16-4d41-8545-d75bb77b9bc0",
	"8ab297d8-ec17-42d2-a7bb-a463c2d168d6");
INSERT INTO O_BATTR
	VALUES ("677e1e85-4c16-4d41-8545-d75bb77b9bc0",
	"8ab297d8-ec17-42d2-a7bb-a463c2d168d6");
INSERT INTO O_ATTR
	VALUES ("677e1e85-4c16-4d41-8545-d75bb77b9bc0",
	"8ab297d8-ec17-42d2-a7bb-a463c2d168d6",
	"00000000-0000-0000-0000-000000000000",
	'sstID',
	'',
	'',
	'sstID',
	0,
	"ba5eda7a-def5-0000-0000-000000000002",
	'',
	'');
INSERT INTO O_ID
	VALUES (0,
	"8ab297d8-ec17-42d2-a7bb-a463c2d168d6");
INSERT INTO O_OIDA
	VALUES ("677e1e85-4c16-4d41-8545-d75bb77b9bc0",
	"8ab297d8-ec17-42d2-a7bb-a463c2d168d6",
	0,
	'sstID');
INSERT INTO O_ID
	VALUES (1,
	"8ab297d8-ec17-42d2-a7bb-a463c2d168d6");
INSERT INTO O_ID
	VALUES (2,
	"8ab297d8-ec17-42d2-a7bb-a463c2d168d6");
INSERT INTO PE_PE
	VALUES ("a23d0930-054c-4bec-9e47-917c854d81fd",
	1,
	"00000000-0000-0000-0000-000000000000",
	"00000000-0000-0000-0000-000000000000",
	7);
INSERT INTO PE_PE
	VALUES ("ba5eda7a-def5-0000-0000-000000000000",
	1,
	"00000000-0000-0000-0000-000000000000",
	"00000000-0000-0000-0000-000000000000",
	3);
INSERT INTO S_DT
	VALUES ("ba5eda7a-def5-0000-0000-000000000000",
	"00000000-0000-0000-0000-000000000000",
	'void',
	'',
	'');
INSERT INTO S_CDT
	VALUES ("ba5eda7a-def5-0000-0000-000000000000",
	0);
INSERT INTO PE_PE
	VALUES ("ba5eda7a-def5-0000-0000-000000000001",
	1,
	"00000000-0000-0000-0000-000000000000",
	"00000000-0000-0000-0000-000000000000",
	3);
INSERT INTO S_DT
	VALUES ("ba5eda7a-def5-0000-0000-000000000001",
	"00000000-0000-0000-0000-000000000000",
	'boolean',
	'',
	'');
INSERT INTO S_CDT
	VALUES ("ba5eda7a-def5-0000-0000-000000000001",
	1);
INSERT INTO PE_PE
	VALUES ("ba5eda7a-def5-0000-0000-000000000002",
	1,
	"00000000-0000-0000-0000-000000000000",
	"00000000-0000-0000-0000-000000000000",
	3);
INSERT INTO S_DT
	VALUES ("ba5eda7a-def5-0000-0000-000000000002",
	"00000000-0000-0000-0000-000000000000",
	'integer',
	'',
	'');
INSERT INTO S_CDT
	VALUES ("ba5eda7a-def5-0000-0000-000000000002",
	2);
INSERT INTO PE_PE
	VALUES ("ba5eda7a-def5-0000-0000-000000000003",
	1,
	"00000000-0000-0000-0000-000000000000",
	"00000000-0000-0000-0000-000000000000",
	3);
INSERT INTO S_DT
	VALUES ("ba5eda7a-def5-0000-0000-000000000003",
	"00000000-0000-0000-0000-000000000000",
	'real',
	'',
	'');
INSERT INTO S_CDT
	VALUES ("ba5eda7a-def5-0000-0000-000000000003",
	3);
INSERT INTO PE_PE
	VALUES ("ba5eda7a-def5-0000-0000-000000000004",
	1,
	"00000000-0000-0000-0000-000000000000",
	"00000000-0000-0000-0000-000000000000",
	3);
INSERT INTO S_DT
	VALUES ("ba5eda7a-def5-0000-0000-000000000004",
	"00000000-0000-0000-0000-000000000000",
	'string',
	'',
	'');
INSERT INTO S_CDT
	VALUES ("ba5eda7a-def5-0000-0000-000000000004",
	4);
INSERT INTO PE_PE
	VALUES ("ba5eda7a-def5-0000-0000-000000000005",
	1,
	"00000000-0000-0000-0000-000000000000",
	"00000000-0000-0000-0000-000000000000",
	3);
INSERT INTO S_DT
	VALUES ("ba5eda7a-def5-0000-0000-000000000005",
	"00000000-0000-0000-0000-000000000000",
	'unique_id',
	'',
	'');
INSERT INTO S_CDT
	VALUES ("ba5eda7a-def5-0000-0000-000000000005",
	5);
INSERT INTO PE_PE
	VALUES ("ba5eda7a-def5-0000-0000-000000000006",
	1,
	"00000000-0000-0000-0000-000000000000",
	"00000000-0000-0000-0000-000000000000",
	3);
INSERT INTO S_DT
	VALUES ("ba5eda7a-def5-0000-0000-000000000006",
	"00000000-0000-0000-0000-000000000000",
	'state<State_Model>',
	'',
	'');
INSERT INTO S_CDT
	VALUES ("ba5eda7a-def5-0000-0000-000000000006",
	6);
INSERT INTO PE_PE
	VALUES ("ba5eda7a-def5-0000-0000-000000000007",
	1,
	"00000000-0000-0000-0000-000000000000",
	"00000000-0000-0000-0000-000000000000",
	3);
INSERT INTO S_DT
	VALUES ("ba5eda7a-def5-0000-0000-000000000007",
	"00000000-0000-0000-0000-000000000000",
	'same_as<Base_Attribute>',
	'',
	'');
INSERT INTO S_CDT
	VALUES ("ba5eda7a-def5-0000-0000-000000000007",
	7);
INSERT INTO PE_PE
	VALUES ("ba5eda7a-def5-0000-0000-000000000008",
	1,
	"00000000-0000-0000-0000-000000000000",
	"00000000-0000-0000-0000-000000000000",
	3);
INSERT INTO S_DT
	VALUES ("ba5eda7a-def5-0000-0000-000000000008",
	"00000000-0000-0000-0000-000000000000",
	'inst_ref<Object>',
	'',
	'');
INSERT INTO S_CDT
	VALUES ("ba5eda7a-def5-0000-0000-000000000008",
	8);
INSERT INTO PE_PE
	VALUES ("ba5eda7a-def5-0000-0000-000000000009",
	1,
	"00000000-0000-0000-0000-000000000000",
	"00000000-0000-0000-0000-000000000000",
	3);
INSERT INTO S_DT
	VALUES ("ba5eda7a-def5-0000-0000-000000000009",
	"00000000-0000-0000-0000-000000000000",
	'inst_ref_set<Object>',
	'',
	'');
INSERT INTO S_CDT
	VALUES ("ba5eda7a-def5-0000-0000-000000000009",
	9);
INSERT INTO PE_PE
	VALUES ("ba5eda7a-def5-0000-0000-00000000000a",
	1,
	"00000000-0000-0000-0000-000000000000",
	"00000000-0000-0000-0000-000000000000",
	3);
INSERT INTO S_DT
	VALUES ("ba5eda7a-def5-0000-0000-00000000000a",
	"00000000-0000-0000-0000-000000000000",
	'inst<Event>',
	'',
	'');
INSERT INTO S_CDT
	VALUES ("ba5eda7a-def5-0000-0000-00000000000a",
	10);
INSERT INTO PE_PE
	VALUES ("ba5eda7a-def5-0000-0000-00000000000b",
	1,
	"00000000-0000-0000-0000-000000000000",
	"00000000-0000-0000-0000-000000000000",
	3);
INSERT INTO S_DT
	VALUES ("ba5eda7a-def5-0000-0000-00000000000b",
	"00000000-0000-0000-0000-000000000000",
	'inst<Mapping>',
	'',
	'');
INSERT INTO S_CDT
	VALUES ("ba5eda7a-def5-0000-0000-00000000000b",
	11);
INSERT INTO PE_PE
	VALUES ("ba5eda7a-def5-0000-0000-00000000000c",
	1,
	"00000000-0000-0000-0000-000000000000",
	"00000000-0000-0000-0000-000000000000",
	3);
INSERT INTO S_DT
	VALUES ("ba5eda7a-def5-0000-0000-00000000000c",
	"00000000-0000-0000-0000-000000000000",
	'inst_ref<Mapping>',
	'',
	'');
INSERT INTO S_CDT
	VALUES ("ba5eda7a-def5-0000-0000-00000000000c",
	12);
INSERT INTO PE_PE
	VALUES ("ba5eda7a-def5-0000-0000-00000000000d",
	1,
	"00000000-0000-0000-0000-000000000000",
	"00000000-0000-0000-0000-000000000000",
	3);
INSERT INTO S_DT
	VALUES ("ba5eda7a-def5-0000-0000-00000000000d",
	"00000000-0000-0000-0000-000000000000",
	'component_ref',
	'',
	'');
INSERT INTO S_CDT
	VALUES ("ba5eda7a-def5-0000-0000-00000000000d",
	13);
INSERT INTO PE_PE
	VALUES ("ba5eda7a-def5-0000-0000-00000000000e",
	1,
	"00000000-0000-0000-0000-000000000000",
	"00000000-0000-0000-0000-000000000000",
	3);
INSERT INTO S_DT
	VALUES ("ba5eda7a-def5-0000-0000-00000000000e",
	"00000000-0000-0000-0000-000000000000",
	'date',
	'',
	'');
INSERT INTO S_UDT
	VALUES ("ba5eda7a-def5-0000-0000-00000000000e",
	"ba5eda7a-def5-0000-0000-00000000000b",
	1);
INSERT INTO PE_PE
	VALUES ("ba5eda7a-def5-0000-0000-00000000000f",
	1,
	"00000000-0000-0000-0000-000000000000",
	"00000000-0000-0000-0000-000000000000",
	3);
INSERT INTO S_DT
	VALUES ("ba5eda7a-def5-0000-0000-00000000000f",
	"00000000-0000-0000-0000-000000000000",
	'inst_ref<Timer>',
	'',
	'');
INSERT INTO S_UDT
	VALUES ("ba5eda7a-def5-0000-0000-00000000000f",
	"ba5eda7a-def5-0000-0000-00000000000c",
	3);
INSERT INTO PE_PE
	VALUES ("ba5eda7a-def5-0000-0000-000000000010",
	1,
	"00000000-0000-0000-0000-000000000000",
	"00000000-0000-0000-0000-000000000000",
	3);
INSERT INTO S_DT
	VALUES ("ba5eda7a-def5-0000-0000-000000000010",
	"00000000-0000-0000-0000-000000000000",
	'timestamp',
	'',
	'');
INSERT INTO S_UDT
	VALUES ("ba5eda7a-def5-0000-0000-000000000010",
	"ba5eda7a-def5-0000-0000-00000000000b",
	2);
INSERT INTO PE_PE
	VALUES ("ba5eda7a-def5-0000-0000-000000000011",
	1,
	"00000000-0000-0000-0000-000000000000",
	"00000000-0000-0000-0000-000000000000",
	3);
INSERT INTO S_DT
	VALUES ("ba5eda7a-def5-0000-0000-000000000011",
	"00000000-0000-0000-0000-000000000000",
	'MASLtype',
	'',
	'');
INSERT INTO S_UDT
	VALUES ("ba5eda7a-def5-0000-0000-000000000011",
	"ba5eda7a-def5-0000-0000-000000000004",
	0);
INSERT INTO S_SYS_PROXY
	VALUES ("c6693612-7c4f-42e5-b64f-16c64f288945",
	'org.xtuml.bp.core.test',
	1,
	'../org.xtuml.bp.core.test.xtuml');
